Anna;Nováková
Barbora;Svobodová
Denisa;Novotná
Eva;Dvořáková
Hana;Černá
Helena;Procházková
Ivana;Kučerová
Jana;Veselá
Karolína;Horáková
Kateřina;Němcová
Klára;Křížová
Lenka;Malá
Lucia;Pospíšilová
Ludmila;Marešová
Marcela;Růžičková
Marta;Bílá
Michaela;Konečná
Monika;Kadlecová
Natálie;Tichá
Nikola;Matějová
Patricia;Jelínková
Pavlína;Urbanová
Petra;Hájková
Renata;Pechová
Simona;Šimková
Soňa;Hlaváčková
Tereza;Králová
Veronika;Vondráčková
Zdeňka;Zábranská
Zuzana;Marečková
Alena;Rýdlová
Andrea;Benešová
Blanka;Kopecká
Daniela;Křenková
Dominika;Vlčková
Eliška;Tomášková
Gabriela;Havlíčková
Irena;Tesařová
Kamila;Kočová
Lenka;Šťastná
Stanislava;Smetanová
Vladislava;Stará
Vladimíra;Martínková
Květoslava;Málková
Miloslava;Švadlenková
Marie;Hajná
Nela;Mrázková
Štěpánka;Weissová
