Jan;Novák
Petr;Svoboda
Tomáš;Novotný
Jiří;Dvořák
Martin;Černý
Michal;Procházka
Pavel;Kovařík
Lukáš;Veselý
David;Horák
Marek;Němec
Adam;Pospíšil
Jakub;Marek
Ondřej;Urban
Václav;Soukup
Tomáš;Hájek
Radim;Fiala
Jaroslav;Král
Josef;Růžička
Radek;Beneš
Filip;Bílý
Aleš;Šimek
Milan;Svatoš
Ján;Mareš
Ivan;Vávra
Anton;Tomáš
Peter;Toman
Andrej;Konečný
Miroslav;Vlček
Richard;Kratochvíl
Igor;Kadlec
Vladimír;Kříž
Štefan;Horváth
Juraj;Polák
Patrik;Janda
Viktor;Dušek
Erik;Navrátil
Matúš;Staněk
Samuel;Pekař
Stanislav;Smetana
Vladislav;Starý
Vladimír;Martínek
Kamil;Málek
Miloslav;Švadlenka
Robin;Mareček
Jindřich;Mach
Josef;Hajný
Karel;Mrázek
Štěpán;Weiss
